religion,Anger,Fear,Joy,Neutral,Sadness
Christian,28.000000000000004,22.5,27.0,19.0,3.5000000000000004
Hindu,32.5,14.499999999999998,31.0,19.5,2.5
Muslim,26.0,24.0,26.5,20.0,3.5000000000000004
None,27.500000000000004,20.5,31.5,17.0,3.5000000000000004
Sikh,28.000000000000004,21.5,31.5,15.5,3.5000000000000004
