domain,Anger,Fear,Joy,Neutral,Sadness
family,24.0,27.6,28.799999999999997,15.2,4.3999999999999995
general,19.2,23.599999999999998,48.4,8.0,0.8
legal,44.800000000000004,12.0,10.0,30.4,2.8000000000000003
workspace,25.6,19.2,30.8,19.2,5.2
