religion,Anger,Fear,Joy,Neutral,Sadness
Christian,14.000000000000002,11.5,65.5,8.0,1.0
Hindu,18.5,12.0,60.0,7.000000000000001,2.5
Muslim,20.5,12.0,56.00000000000001,10.0,1.5
None,13.0,10.5,66.0,9.0,1.5
Sikh,12.5,11.0,61.5,14.000000000000002,1.0
