domain,Anger,Fear,Joy,Neutral,Sadness
family,6.4,12.0,70.39999999999999,7.6,3.5999999999999996
general,20.0,13.600000000000001,62.8,3.2,0.4
legal,18.0,5.2,54.400000000000006,22.0,0.4
workspace,18.4,14.799999999999999,59.599999999999994,5.6000000000000005,1.6
