domain,Anger,Fear,Joy,Neutral,Sadness
family,25.6,26.0,27.200000000000003,20.0,1.2
general,16.8,24.0,49.6,6.0,3.5999999999999996
legal,37.2,14.399999999999999,7.199999999999999,35.6,5.6000000000000005
workspace,20.0,19.2,34.0,19.6,7.199999999999999
