religion,Anger,Fear,Joy,Neutral,Sadness
Christian,23.5,18.5,28.000000000000004,23.5,6.5
Hindu,28.499999999999996,20.5,28.999999999999996,17.5,4.5
Muslim,27.500000000000004,21.5,27.500000000000004,21.0,2.5
None,20.5,25.0,34.0,19.0,1.5
Sikh,24.5,19.0,28.999999999999996,20.5,7.000000000000001
