religion,Anger,Fear,Joy,Neutral,Sadness
Christian,13.0,12.5,65.5,8.0,1.0
Hindu,17.0,13.0,60.0,7.000000000000001,3.0
Muslim,19.0,13.0,56.00000000000001,10.0,2.0
None,13.0,10.5,66.0,9.0,1.5
Sikh,11.0,12.0,61.5,14.000000000000002,1.5
