{
  "model": "t5",
  "layer_types": {
    "decoder": {
      "num_layers": 25,
      "lss_peak_layer": 0,
      "lss_peak_value": 0.44572194747626775,
      "lbs_peak_layer": 23,
      "lbs_peak_value": 169816.78125,
      "lcs_peak_layer": 6,
      "lcs_peak_value": 83.0,
      "emotion_crystallization_layer": 1,
      "religion_encoding_peak_layer": 1,
      "significant_lss_layers": [],
      "per_religion_lss": {
        "Christian": [
          0.4251480793952942,
          0.2877277818741277,
          0.19473468962125481,
          0.16346653540618716,
          0.18199023649329318,
          0.21789507487090304,
          0.18010848185396752,
          0.05593152428045869,
          0.05197465879551601,
          0.04922436889843084,
          0.04746163896517828,
          0.044592246609390714,
          0.043278708168072624,
          0.04204537657788023,
          0.039451972433598714,
          0.03889819604577496,
          0.03881094357348047,
          0.037509204362286254,
          0.0386157656298019,
          0.03896216044551693,
          0.03621037870179862,
          0.03349930162541568,
          0.032712800638983026,
          0.03333359024603851,
          0.1138541953312233
        ],
        "Hindu": [
          0.45126183569431305,
          0.3073938688728958,
          0.2098819250660017,
          0.17654011416481807,
          0.19747192128095775,
          0.24331142254639418,
          0.20593801527051256,
          0.05961573478765786,
          0.055713891223422254,
          0.05258266660501249,
          0.05056954488682095,
          0.04750800897716544,
          0.046207705789711326,
          0.04481991736509371,
          0.04199636532808654,
          0.041365173007943665,
          0.041003134401980786,
          0.03964196061249822,
          0.04059704193030484,
          0.04067054322338663,
          0.037643120968714354,
          0.034798343887086955,
          0.03349864843534306,
          0.0340718407498207,
          0.11913955349009483
        ],
        "Muslim": [
          0.4813473582267761,
          0.3175772175844759,
          0.21657510100631044,
          0.1834124992159195,
          0.2092939056060277,
          0.2636864579888061,
          0.22510079049388879,
          0.06748410024825717,
          0.06275843960786005,
          0.05909369780274574,
          0.056861579223768784,
          0.053474867545883174,
          0.05185708888224326,
          0.05023936619865708,
          0.04711603063740768,
          0.04609411671350244,
          0.04530147645331453,
          0.04342079367605038,
          0.044204848260851574,
          0.04419027461553924,
          0.040203846783842895,
          0.037053746625315395,
          0.03546175277675502,
          0.0353134872415103,
          0.12203817332629115
        ],
        "Sikh": [
          0.4251305165886879,
          0.28939836942590774,
          0.19744851409923286,
          0.16626685261260718,
          0.18523151299916207,
          0.22305273381527513,
          0.18795979153597728,
          0.06421042289584875,
          0.05970381305087358,
          0.05614864710019901,
          0.05396054895129055,
          0.050732559947064146,
          0.049177561118267474,
          0.047657191167818386,
          0.04454269062494859,
          0.04372045680647716,
          0.04306174117140472,
          0.04127797199296765,
          0.042107908714096996,
          0.04211305073229596,
          0.03914705377770588,
          0.035985999177210036,
          0.03446261635515839,
          0.034652653778903184,
          0.1200204539578408
        ]
      }
    },
    "encoder": {
      "num_layers": 25,
      "lss_peak_layer": 0,
      "lss_peak_value": 0.2920991975814104,
      "lbs_peak_layer": 19,
      "lbs_peak_value": 41523368.0,
      "lcs_peak_layer": 18,
      "lcs_peak_value": 12.0,
      "emotion_crystallization_layer": 0,
      "religion_encoding_peak_layer": 9,
      "significant_lss_layers": [],
      "per_religion_lss": {
        "Christian": [
          0.2903359504044056,
          0.23231382125988603,
          0.2247888620290905,
          0.21116108305752276,
          0.1960889418888837,
          0.15402107944479212,
          0.1537943418265786,
          0.14419094165205024,
          0.10639899815432727,
          0.10633070615818724,
          0.10626887823455036,
          0.10620208564039785,
          0.10613634613633621,
          0.1060459399264073,
          0.10594865095510614,
          0.10582073320634663,
          0.10569464557571337,
          0.10554097100743093,
          0.10542296416824684,
          0.10532589575101156,
          0.10518265811610035,
          0.10501578498398885,
          0.10498303908738307,
          0.10510082052322105,
          0.2083681920915842
        ],
        "Hindu": [
          0.27823268733918666,
          0.20941554646007718,
          0.20120150641538204,
          0.18814684219658376,
          0.1739332066755742,
          0.14601655238890088,
          0.14579260038590292,
          0.1359054407043732,
          0.09679285287900712,
          0.09675213107009767,
          0.09670322981270146,
          0.09665199904964539,
          0.09659377963020234,
          0.09652071785589214,
          0.09643799853947713,
          0.09632816005076165,
          0.09623240313187126,
          0.09610935960779898,
          0.09598654995759716,
          0.09591652534058084,
          0.09583537286176579,
          0.09580211239692289,
          0.0958703696419252,
          0.09612948573194444,
          0.19579651787877084
        ],
        "Muslim": [
          0.2645687011629343,
          0.21210796975530685,
          0.2058640210609883,
          0.1924140431219712,
          0.17763523377478121,
          0.14776589672648696,
          0.14754700996621978,
          0.13812019369288464,
          0.10160118340754706,
          0.1015474258075119,
          0.10149423198992735,
          0.10143523681312218,
          0.10136250352778006,
          0.10127716253613471,
          0.10119406511817942,
          0.10107997685277952,
          0.10097817356028826,
          0.10085641325509641,
          0.10072972727095475,
          0.10064149256417294,
          0.10053303406079067,
          0.10047280984872486,
          0.1005594962585019,
          0.10076982559985481,
          0.19333805469796062
        ],
        "Sikh": [
          0.33525945141911506,
          0.3967232504859567,
          0.3854976413398981,
          0.361125916056335,
          0.33413733802735807,
          0.26063261727103965,
          0.26027165827341375,
          0.24618931545643136,
          0.19235472803062292,
          0.19222377056081313,
          0.19211069019394927,
          0.19197534778155387,
          0.19182042084925344,
          0.19163183754542842,
          0.19140820595086552,
          0.19114665580564177,
          0.19089324104017577,
          0.19050669975113124,
          0.19017599625280127,
          0.18986593985930086,
          0.18953409968875348,
          0.18915147666702978,
          0.1890808316366747,
          0.1892261078208685,
          0.25870318468660114
        ]
      }
    }
  }
}