{
  "model": "sarvam",
  "layer_types": {
    "decoder": {
      "num_layers": 29,
      "lss_peak_layer": 0,
      "lss_peak_value": 0.22770875791553408,
      "lbs_peak_layer": 17,
      "lbs_peak_value": 443.5381774902344,
      "lcs_peak_layer": 0,
      "lcs_peak_value": 63.0,
      "emotion_crystallization_layer": 0,
      "religion_encoding_peak_layer": 12,
      "significant_lss_layers": [],
      "per_religion_lss": {
        "Christian": [
          0.2277657962217927,
          0.04266494912095368,
          0.026772778308950366,
          0.03789288358064368,
          0.03583648997824639,
          0.03470290427096188,
          0.04019039853475988,
          0.044088568929582836,
          0.04280828552786261,
          0.04408445917535573,
          0.04399559120181948,
          0.04360184450866655,
          0.06395687042735516,
          0.0635299915377982,
          0.0658311015367508,
          0.06654276751447469,
          0.06589035994373262,
          0.06455467231106013,
          0.06404299633577466,
          0.06320122052449734,
          0.061841288111172614,
          0.06125939666293562,
          0.05954260624945164,
          0.05931594039313495,
          0.06035867056809366,
          0.05849667406640947,
          0.05414167700335384,
          0.04948526497930288,
          0.022481299466453494
        ],
        "Hindu": [
          0.1960913764126599,
          0.03727442674338818,
          0.023013990012696012,
          0.030665139527991415,
          0.028786990450462326,
          0.027640371264424174,
          0.03188828274956904,
          0.03766255833674222,
          0.036311462627490985,
          0.0345602120377589,
          0.03521126110746991,
          0.035348362592048946,
          0.05069864509336185,
          0.0504075659182854,
          0.05237837660301011,
          0.05314553887990769,
          0.05231329083442688,
          0.051603662851266566,
          0.051190722702303904,
          0.05048171188333072,
          0.04945667615509592,
          0.04957970458315685,
          0.04854066114174202,
          0.04922002765815705,
          0.05271176028298214,
          0.0512784430780448,
          0.04774827777873725,
          0.043770220584701744,
          0.019852625454077497
        ],
        "Muslim": [
          0.20053390625864267,
          0.033221953574102375,
          0.02040979648940265,
          0.02768451371928677,
          0.02638105786405504,
          0.02556666839402169,
          0.029028593376278878,
          0.029568483483744787,
          0.029177622741553933,
          0.031441059696953745,
          0.03206531074363738,
          0.032642719213617964,
          0.049504420538432896,
          0.04943296439712867,
          0.05157930979738012,
          0.05265918033896014,
          0.05189479280961677,
          0.0513894758047536,
          0.05132339163450524,
          0.05065560287097469,
          0.04997133943019435,
          0.050391704896464946,
          0.04945138239767402,
          0.05070349744521081,
          0.05244186356663704,
          0.05167926168069244,
          0.04849031277000904,
          0.04457243383862078,
          0.02008924397174269
        ],
        "Sikh": [
          0.28644395276904105,
          0.0599348374363035,
          0.03845774258486927,
          0.06769509819336235,
          0.06265039575751871,
          0.05778392808046192,
          0.07291897229850292,
          0.11422623264603317,
          0.10944487052038313,
          0.11456397652393208,
          0.11096845228923485,
          0.10902554424246773,
          0.12854951498331502,
          0.12377946540946141,
          0.12607184127671645,
          0.12638671808410437,
          0.1228412766661495,
          0.11942482778802514,
          0.11746326603926718,
          0.11358399356715382,
          0.10854575438424945,
          0.10339654371142387,
          0.09902137387543916,
          0.09488363761454821,
          0.09029916214756667,
          0.08812711959704757,
          0.07671737260185182,
          0.06877653553150594,
          0.034744894774630664
        ]
      }
    }
  }
}